{
  "data": {
    "schema": 1,
    "number_of_markers": 3,
    "markers": [
      {
        "category": "FACE",
        "confidence": 0.0,
        "markers": {
          "EYES": {
            "x": 0.6934961,
            "y": 0.29497015,
            "width": 0.069658935,
            "height": 0.036988407,
            "unit": "%"
          },
          "NOSE": {
            "x": 0.6952616,
            "y": 0.36400157,
            "width": 0.021306753,
            "height": 0.016863048,
            "unit": "%"
          },
          "MOUTH": {
            "x": 0.6892704,
            "y": 0.39921075,
            "width": 0.042467058,
            "height": 0.026879579,
            "unit": "%"
          },
          "FACE": {
            "x": 0.6729424,
            "y": 0.19400983,
            "width": 0.1352207,
            "height": 0.3080838,
            "unit": "%"
          }
        }
      },
      {
        "category": "FACE",
        "confidence": 0.0,
        "markers": {
          "EYES": {
            "x": 0.4367862,
            "y": 0.2546825,
            "width": 0.07580492,
            "height": 0.0,
            "unit": "%"
          },
          "NOSE": {
            "x": 0.47951528,
            "y": 0.32090855,
            "width": 0.020711988,
            "height": 0.005892694,
            "unit": "%"
          },
          "MOUTH": {
            "x": 0.4701008,
            "y": 0.35283616,
            "width": 0.046818703,
            "height": 0.0,
            "unit": "%"
          },
          "FACE": {
            "x": 0.4062489,
            "y": 0.17799036,
            "width": 0.1346239,
            "height": 0.26947567,
            "unit": "%"
          }
        }
      },
      {
        "category": "FACE",
        "confidence": 0.0,
        "markers": {
          "EYES": {
            "x": 0.2274909,
            "y": 0.19035815,
            "width": 0.073609054,
            "height": 0.004158333,
            "unit": "%"
          },
          "NOSE": {
            "x": 0.26801914,
            "y": 0.22732447,
            "width": 0.019985974,
            "height": 0.020137817,
            "unit": "%"
          },
          "MOUTH": {
            "x": 0.26107672,
            "y": 0.26946887,
            "width": 0.04516989,
            "height": 0.011484921,
            "unit": "%"
          },
          "FACE": {
            "x": 0.19307649,
            "y": 0.11383015,
            "width": 0.14222509,
            "height": 0.2539061,
            "unit": "%"
          }
        }
      }
    ]
  },
  "status": 200
}
